{
    "numero_train": {
        "mean": 3456.9334082173186,
        "std": 2342.5460257680293
    },
    "dt_hour": {
        "mean": 13.622996437995933,
        "std": 5.140302582570402
    },
    "heure_prevue_sin": {
        "mean": -0.1776668665850092,
        "std": 0.7170780092366162
    },
    "heure_prevue_cos": {
        "mean": -0.2746847280384324,
        "std": 0.6154482382361738
    },
    "jour_semaine_sin": {
        "mean": 0.054196932039396566,
        "std": 0.726294915208788
    },
    "jour_semaine_cos": {
        "mean": -0.11999431662084276,
        "std": 0.674649820539909
    },
    "mois_sin": {
        "mean": 0.009075332804430543,
        "std": 0.692781404889327
    },
    "mois_cos": {
        "mean": 0.04739759525048466,
        "std": 0.7195111562771671
    },
    "fest_weekend": {
        "mean": 0.18185126953046796,
        "std": 0.3857219043029254
    },
    "is_jour_ferie": {
        "mean": 0.020114729584921085,
        "std": 0.14039276165312717
    },
    "is_vacances_scolaires": {
        "mean": 0.32245025572127534,
        "std": 0.4674142610962007
    },
    "is_heure_pointe": {
        "mean": 0.20720722040774972,
        "std": 0.4053053054202845
    },
    "nb_arrets_total": {
        "mean": 11.631331897165543,
        "std": 5.084763366591579
    },
    "position_dans_trajet": {
        "mean": 0.47806006947480223,
        "std": 0.31231447924439987
    },
    "est_gare_terminus": {
        "mean": 0.04537348003189799,
        "std": 0.20812190651174267
    },
    "temps_theorique_depuis_depart": {
        "mean": 48.6942134668846,
        "std": 40.063353858848735
    },
    "temps_theorique_jusque_arrivee": {
        "mean": 48.115067508745426,
        "std": 39.93230549395025
    },
    "temps_theorique_trajet": {
        "mean": 96.80928097563003,
        "std": 49.684934524220736
    },
    "traverse_jonction_nord_midi": {
        "mean": 0.24800811655509605,
        "std": 0.43185656575250225
    },
    "traverse_hub_schaerbeek": {
        "mean": 0.16118737202185135,
        "std": 0.3677036919641212
    },
    "traverse_hub_bruxelles_midi": {
        "mean": 0.2168720332832843,
        "std": 0.41211473757534506
    },
    "traverse_hub_anvers": {
        "mean": 0.10194986094245305,
        "std": 0.3025823658518784
    },
    "traverse_hub_gent": {
        "mean": 0.09520084336316043,
        "std": 0.2934921532779837
    },
    "traverse_hub_liege": {
        "mean": 0.0777866173751195,
        "std": 0.267835510291608
    },
    "traverse_hub_charleroi": {
        "mean": 0.06741055848523778,
        "std": 0.25073168128894624
    },
    "est_hub_majeur": {
        "mean": 0.14699291754142219,
        "std": 0.35409885844651295
    },
    "nb_connexions_gare": {
        "mean": 3.04784721647563,
        "std": 3.335594071489558
    },
    "nb_trains_prevus_ligne_heure": {
        "mean": 15.664556063293206,
        "std": 10.47761502862486
    },
    "densite_prevue_jonction_nord_midi": {
        "mean": 103.51424270651493,
        "std": 26.98810865482648
    },
    "densite_prevue_hub_schaerbeek": {
        "mean": 73.12663520138827,
        "std": 20.10968553743023
    },
    "densite_prevue_hub_bruxelles_midi": {
        "mean": 89.94138648666811,
        "std": 24.255502256228123
    },
    "densite_prevue_hub_anvers": {
        "mean": 56.11731510185967,
        "std": 15.389719053541787
    },
    "densite_prevue_hub_gent": {
        "mean": 42.032443414551885,
        "std": 10.880683150731498
    },
    "densite_prevue_hub_liege": {
        "mean": 30.974672150202345,
        "std": 11.053693980838347
    },
    "densite_prevue_hub_charleroi": {
        "mean": 24.761490222449133,
        "std": 9.007215594437437
    },
    "congestion_prevue_score": {
        "mean": 1.1361507868114582,
        "std": 0.3128926246763919
    },
    "travaux_nb_actifs_ligne": {
        "mean": 0.5696952618533169,
        "std": 0.9755766289071853
    },
    "travaux_niveau_impact": {
        "mean": 0.013681656926699965,
        "std": 1.6104002233145542
    },
    "travaux_distance_km": {
        "mean": 4.8182682815408375,
        "std": 12.026876492363538
    },
    "travaux_actif_ligne": {
        "mean": 0.33432298362494817,
        "std": 0.4717532506233817
    },
    "meteo_temperature": {
        "mean": 12.012120201649974,
        "std": 7.093263837568421
    },
    "meteo_precipitations": {
        "mean": 0.17152480897359015,
        "std": 1.242169582543613
    },
    "meteo_vent_vitesse": {
        "mean": 3.7587557959020796,
        "std": 2.0127898016524086
    },
    "meteo_nebulosite": {
        "mean": 5.261285057003555,
        "std": 2.9066271495525986
    },
    "meteo_conditions_extremes": {
        "mean": 0.0779755488980837,
        "std": 0.2681331082040228
    },
    "meteo_observee_j_1": {
        "mean": 12.007058574836261,
        "std": 7.1010843696398505
    },
    "retard_j_1": {
        "mean": 1.816375645193244,
        "std": 4.646176813999989
    },
    "retard_j_2": {
        "mean": 1.593343736656702,
        "std": 4.3828310634543595
    },
    "retard_j_3": {
        "mean": 1.602000181629401,
        "std": 4.4122056982971545
    },
    "retard_j_4": {
        "mean": 1.5974185231658704,
        "std": 4.409826613177576
    },
    "retard_j_5": {
        "mean": 1.5732295212427134,
        "std": 4.372830092016243
    },
    "retard_j_6": {
        "mean": 1.75767513614637,
        "std": 4.56426820381186
    },
    "retard_j_7": {
        "mean": 1.9653671626809441,
        "std": 4.802562239429069
    },
    "retard_j_14": {
        "mean": 1.9340353414381297,
        "std": 4.786449435937904
    },
    "retard_j_21": {
        "mean": 1.9149360230394608,
        "std": 4.765045585821977
    },
    "retard_moyen_meme_jour_semaine": {
        "mean": 2.094364733865448,
        "std": 3.357752838347255
    },
    "lag_missing_j1": {
        "mean": 0.14738084881102692,
        "std": 0.35448517040601324
    },
    "lag_missing_j2": {
        "mean": 0.25021655385420305,
        "std": 0.4331376602804946
    },
    "lag_missing_j3": {
        "mean": 0.25618352868782207,
        "std": 0.43652437627392415
    },
    "lag_missing_j4": {
        "mean": 0.25930844998448854,
        "std": 0.43825515460466236
    },
    "lag_missing_j5": {
        "mean": 0.2600387008590893,
        "std": 0.4386554202402202
    },
    "lag_missing_j6": {
        "mean": 0.1712758627132998,
        "std": 0.37674984223529484
    },
    "lag_missing_j7": {
        "mean": 0.08079645046079968,
        "std": 0.27252226538612545
    },
    "lag_missing_j14": {
        "mean": 0.09789049532991102,
        "std": 0.2971665316537269
    },
    "lag_missing_j21": {
        "mean": 0.1085944968656198,
        "std": 0.31112976958252725
    },
    "lag_missing_semaine": {
        "mean": 0.02182222197978533,
        "std": 0.1461027478089586
    },
    "retard_moyen_ligne_7j": {
        "mean": 2.023641436102733,
        "std": 0.8274535654829274
    },
    "volatilite_retard_ligne_7j": {
        "mean": 4.107311549281278,
        "std": 1.2321953048830767
    },
    "taux_ponctualite_ligne_7j": {
        "mean": 0.9070882178500371,
        "std": 0.05364838015464487
    },
    "retard_moyen_ligne_30j": {
        "mean": 2.013701525530711,
        "std": 0.6781517991116774
    },
    "retard_moyen_gare_7j": {
        "mean": 2.0836190660923917,
        "std": 0.9265175781798802
    },
    "retard_moyen_slot_horaire_gare_7j": {
        "mean": 2.0274725542482526,
        "std": 1.4867995723520562
    },
    "fiabilite_train_historique": {
        "mean": 0.6580792442437458,
        "std": 0.26834970849727546
    },
    "risque_retard_score": {
        "mean": 0.43029139541834577,
        "std": 0.1513520046688958
    },
    "stress_reseau_score": {
        "mean": 0.47632648121004445,
        "std": 0.12551040073897765
    },
    "indice_complexite": {
        "mean": 0.43732343073308705,